id,variety,yield
1,var1,3.907467704
2,var2,3.327462278
3,var3,2.758475995
4,var1,1.045624611
5,var2,2.993554562
6,var3,2.39293569
7,var1,2.699666678
8,var2,1.573774401
9,var3,3.930598776
10,var1,2.12188983
12,var2,2.39293569
13,var3,1.573774401
